{"cameraMode":{"drawMode":0,"name":"Shaded","section":"Shading Mode"},"sceneLighting":true,"audioPlay":false,"sceneViewState":{"showFog":true,"showMaterialUpdate":false,"showSkybox":true,"showFlares":true,"showImageEffects":true,"showParticleSystems":true},"in2DMode":false,"pivot":{"x":352.37652587890627,"y":565.0545654296875,"z":-148.5225067138672},"rotation":{"x":-0.23107202351093293,"y":-0.3095885217189789,"z":0.07783689349889755,"w":-0.9190945029258728},"size":28.67717742919922,"orthographic":false}